Workbook

Sheet Self-Assessment Form(A)
F1: COURSE EVALUATION FORM | R1: 2026
H3: SELF ASSESSMENT FORM(A)
G5: (To be filled before the course completion)
G7: TRAINEE NAME | I7: Anil kumar P
G8: BU/PROJECT | I8: PSA - GTOS
G9: DESIGNATION/GRADE | I9: Seniro Software Engineer-2
D11: PROCESS FLOW | F11: ►SELF ASSESSMENT | H11: REACTION | J11: LEARNING | L11: RETENTION | N11: IMPLEMENTATION
B13: INSTRUCTION NOTES
B14: This Course Evaluation Form is designed to help us determine the effectiveness of the training program. We would appreciate if you could give us your comments so that we can cater to the needs of our future programs. If more than 1 trainer is involved, please request for additional course evaluation forms from HR. Please state the name of the trainer and complete the section on "Trainer Effectiveness" only.
G15: COURSE TITLE | I15: Angular
G16: COURSE DATE | I16: 46084
G17: TRAINING SCHOOL | I17: CrimsonLogic | AA17: Internal
G18: TRAINER'S NAME | I18: Swapna R | S18: Internal | AA18: External
G19: TYPE OF TRAINING | I19: Internal | S19: External
B21: SELF ASSESSMENT
P23: Before Training
B24: Online assessment score Pre-training session 1 | P24: NA
B25: How do you rate yourself on the subject knowledge of this course? 2 | P25: 2
B26: The course will help to add more value and enhances my capabilities in current job (Rating: 1 - 5 --> 1 being lowest and 5 being highest) | P26: 5
B29: PERFORMANCE OBJECTIVE TO BE IMPROVED THROUGH THIS TRAINING(TO BE FILLED BY THE MANAGER AND THE TRAINEE)
B30: Target 1 : Learn how to implement scalable architecture using Angular modules, components, and services.
B31: Target 2 :Start Learning and Implementing with Components (building blocks of Angular apps), Templates (HTML with Angular syntax), and Data Binding,Then learn DirectivesServices & Dependency Injection, Next, understand Routing, explore Pipes
B32: Target 3 : Understand and implement Angular core concepts including Components, Data Binding, Directives, Services, Routing, Forms, HTTP Client, and RxJS.
P34: ►REACTION
B52: 1 | C52: Legends: | J52: 2 | K52: Legend
C54: Scores between 10-20% rating 1 is awarded | K54: 5 | L54: Expert, can train others
C55: Scores between 21-40% 2 is awarded | K55: 4 | L55: Sufficient knowledge and can apply on the job
C56: Scores between 41-60% 3 is awarded | K56: 3 | L56: Basic knowledge
C57: Scores between 61-80% 4 is awarded | K57: 2 | L57: Minimal knowledge
C58: Scores between 81-100% 5 is awarded | K58: 1 | L58: No Knowledge

Sheet Reaction(B)
F1: COURSE EVALUATION FORM | S1: 2024
H3: REACTION(B)
H5: (To be filled immediately by the end of course completion)
G7: TRAINEE NAME | I7: ='Self-Assessment Form(A)'!I7:M7 -> Anil kumar P
G8: BU/PROJECT | I8: ='Self-Assessment Form(A)'!I8:M8 -> PSA - GTOS
G9: DESIGNATION/GRADE | I9: ='Self-Assessment Form(A)'!I9:M9 -> Seniro Software Engineer-2
G11: COURSE TITLE | I11: ='Self-Assessment Form(A)'!I15:M15 -> Angular
G12: COURSE DATE | I12: ='Self-Assessment Form(A)'!I16:M16 -> 46084
D14: PROCESS FLOW | F14: SELF ASSESSMENT | H14: ►REACTION | J14: LEARNING | L14: RETENTION | N14: IMPLEMENTATION
N16: Rating: Poor 1-2, Average 2-3, Good-3-4, Excellent-4-5
B18: COURSE CONTENT | R18: RATING
B19: 1 | C19: Content of the Course | R19: 5
B20: 2 | C20: Relevance of the course to your work | R20: 5
B21: 3 | C21: Depth of the course | R21: 5
B22: 4 | C22: Usefulness of the class exercises and materials | R22: 5
B23: 5 | C23: Duration and pace of course | R23: 5
B24: 6 | C24: Will you recommend this course to other staff? | R24: Yes | T24: Yes
N25: AVERAGE | R25: 5 | T25: No
N27: Rating: Poor-1, Average-2, Good-3, Excellent-4
B29: TRAINER EFFECTIVENESS | R29: RATING
B30: 1 | C30: Ability to explain concepts clearly | R30: 4
B31: 2 | C31: Knowledge of subject matter | O31: 0 | P31: 0 | Q31: 0 | R31: 4
B32: 3 | C32: Ability to stimulate discussion and encourage participation | O32: 0 | P32: 0 | Q32: 0 | R32: 4
B33: 4 | C33: Ability to sustain participants' interest in learning | O33: 0 | P33: 0 | Q33: 0 | R33: 4
B34: 5 | C34: Trainer's facilitation & presentation skills | O34: 0 | P34: 0 | Q34: 0 | R34: 4
B35: 6 | C35: Will you recommend this trainer to other staff? | O35: 0 | P35: 0 | Q35: 0 | R35: Yes
N36: AVERAGE | R36: =AVERAGE(R30:R34) -> 4
N38: Rating: Poor-1, Average-2, Good-3, Excellent-4
B40: OVERALL ASSESSMENT OF THE COURSE | R40: RATING
B41: 1 | C41: Your overall assessment of the course is | R41: 4
B43: OTHER COMMENTS
Q47: ►LEARNING

Sheet Learning(C)
F1: COURSE EVALUATION FORM | R1: 2024
H3: LEARNING(C)
H5: (To be filled after the course completion)
G7: TRAINEE NAME | I7: ='Self-Assessment Form(A)'!I7:M7 -> Anil kumar P
G8: BU/PROJECT | I8: ='Self-Assessment Form(A)'!I8:M8 -> PSA - GTOS
G9: DESIGNATION/GRADE | I9: ='Self-Assessment Form(A)'!I9:M9 -> Seniro Software Engineer-2
G11: COURSE TITLE | I11: ='Self-Assessment Form(A)'!I15:M15 -> Angular
G12: COURSE DATE | I12: ='Self-Assessment Form(A)'!I16:M16 -> 46084
D14: PROCESS FLOW | F14: SELF ASSESSMENT | H14: REACTION | J14: ►LEARNING | L14: RETENTION | N14: IMPLEMENTATION
B18: SELF ASSESSMENT | O18: BEFORE TRAINING | P18: AFTER TRAINING | Q18: COMPETENCY GAINED
B19: 1 | C19: Online assessment score Pre-training session 1 | O19: ='Self-Assessment Form(A)'!P24 -> NA | P19: NA | Q19: =(P19-O19)/(5-O19) -> #VALUE!
B20: 2 | C20: How do you rate yourself on the subject knowledge of this course? 2 | O20: ='Self-Assessment Form(A)'!P25 -> 2 | P20: 5 | Q20: =(P20-O20)/(5-O20) -> 1
B21: 3 | C21: The course will help to add more value and enhances my capabilities in current job (Rating: 1 - 5 --> 1 being lowest and 5 being highest) | O21: 3 | P21: 5 | Q21: =(P21-O21)/(5-O21) -> 1
M22: OVERALL AVERAGE | O22: =AVERAGE(O19:O21) -> 2.5 | P22: =AVERAGE(P19:P21) -> 5
B24: COMPENTENCIES GAINED THROUGH TRAINING
L25: PROGRESS INDICATOR | O25: =((P22-O22)/(5-O22) * 100) -> 100 | P25: %
Q28: ►RETENTION

Sheet Retention(D)
F1: COURSE EVALUATION FORM | S1: 2024
H3: RETENTION(D)
H5: (To be filled after 1 month of course completion)
G7: TRAINEE NAME | I7: ='Self-Assessment Form(A)'!I7:M7 -> Anil kumar P
G8: BU/PROJECT | I8: ='Self-Assessment Form(A)'!I8:M8 -> PSA - GTOS
G9: DESIGNATION/GRADE | I9: ='Self-Assessment Form(A)'!I9:M9 -> Seniro Software Engineer-2
G11: COURSE TITLE | I11: ='Self-Assessment Form(A)'!I15:M15 -> Angular
G12: COURSE DATE | I12: ='Self-Assessment Form(A)'!I16:M16 -> 46084
G13: PROJECT MANAGER
I14: For Manager Acknowledgement
D15: PROCESS FLOW | F15: SELF ASSESSMENT | H15: REACTION | J15: LEARNING | L15: ►RETENTION | N15: IMPLEMENTATION
H17: (Rating: 1 - 5 --> 1 being lowest and 5 being highest)
B19: I believe that I could see an impact on the following areas as the staff consistently applies what he/she has learnt in the course | O19: RATING
B20: 1 | C20: Increased productivity | T20: 5
B21: 2 | C21: Progress in Quality | T21: 4
B22: 3 | C22: Increased Personal Confidence | T22: 3
B23: 4 | C23: Increased customer satisfaction | T23: 2
A24: ? | B24: 5 | C24: Stronger relationships with colleagues | T24: 1
B25: 6 | C25: More respect from my peers
B29: The staff has applied what he/she has learnt on the job | O29: State 'Yes' as applicable from the list
B30: 1 | C30: Had applied within a week
B31: 2 | C31: Had applied within 2-5 weeks | T31: Yes
B32: 3 | C32: Has not applied but plan to do in future
B33: 4 | C33: There is no opportunity in the current work to apply what the staff has learnt
B35: Please given an example of the success the staff has achieved since attending this training
B38: What are the additional outcomes that you are expecting from your staff to achieve in the future
Q42: ►IMPLEMENTATION
A45: h

Sheet Implementation(E)
E1: COURSE EVALUATION FORM | Q1: 2024
G3: IMPLEMENTATION(E)
F5: (To be filled after 3 month of course completion)
C7: PROCESS FLOW | E7: SELF ASSESSMENT | G7: REACTION | I7: LEARNING | K7: RETENTION | M7: ►IMPLEMENTATION
B11: STAFF SALARY PER DAY(₹) | K11: INDIVIDUAL COST OF THE COURSE(₹)
B13: TOTAL COST OF THE COURSE(₹) | K13: TOTAL PARTICIPANTS
B15: ◄BEFORE TRAINING► | I15: ◄AFTER TRAINING►
B17: Performance Objective to be Improved through this training | F17: Current Timeline for the Target Completion (Man days) | I17: Time taken after 3 months (Man days) | K17: Productivity Value | M17: ROI
B18: ='Self-Assessment Form(A)'!B30:P30 -> Target 1 : Learn how to implement scalable architecture using Angular modules, components, and services. | K18: =(F18-I18) *G11 -> 0 | M18: =(K18-P11)/P11 -> #DIV/0!
B19: ='Self-Assessment Form(A)'!B31:P31 -> Target 2 :Start Learning and Implementing with Components (building blocks of Angular apps), Templates (HTML with Angular syntax), and Data Binding,Then learn DirectivesServices & Dependency Injection, Next, understand Routing, explore Pipes | K19: =(F19-I19) *G11 -> 0 | M19: =(K19-P11)/P11 -> #DIV/0!
B20: ='Self-Assessment Form(A)'!B32:P32 -> Target 3 : Understand and implement Angular core concepts including Components, Data Binding, Directives, Services, Routing, Forms, HTTP Client, and RxJS. | K20: =(F20-I20) *G11 -> 0 | M20: =(K20-P11)/P11 -> #DIV/0!
E21: Manager to fill this data
M24: ►SELF-ASSESSMENT
C26: Formula: A-> (Before Training days - After Training days) * Staff salary per day B-> (A - Individual cost )/ Individual Cost
